Workbook

Sheet Gráfico 1

Sheet Gráfico 2

Sheet Cuadro 1
C3: Encabezado doble | G3: Encabezado doble
B4: Variable | C4: Empresas tratadas | D4: Empresas no tratadas (sin ponderar) | E4: Empresas no tratadas (tras ponderar) | F4: Diferencia (sin ponderar) | G4: Diferencia (tras ponderar)
B5: Valor añadido (ln) | C5: 5.69 | D5: 5.37 | E5: 5.67 | F5: 0.3 | G5: 0.02
B6: Activos (ln) | C6: 6.65 | D6: 6.46 | E6: 6.65 | F6: 0.2 | G6: 0
B7: Número de empleados (ln) | C7: 1.99 | D7: 1.7 | E7: 2 | F7: 0.3 | G7: 0
B8: Ratio de deuda sobre activos | C8: 0.2 | D8: 0.19 | E8: 0.19 | F8: 0 | G8: 0
B9: Edad | C9: 21.3 | D9: 20.39 | E9: 21.55 | F9: 0.9 | G9: 0
B10: Número de empresas | C10: 42818 | D10: 14909 | E10: 14909

Sheet Cuadro 2
C3: Encabezado doble | E3: Encabezado doble
B4: Estimador | C4: Efecto medio del tratamiento | D4: Error estándar
B5: dripw | C5: 0.017*** | D5: 0.0047103
B6: drimp | C6: 0.016*** | D6: 0.005373
B7: reg | C7: 0.016*** | D7: 0.0051847
B8: ipw | C8: 0.015*** | D8: 0.0046358
B9: stdipw | C9: 0.015*** | D9: 0.0048977
B10: sipwra | C10: 0.016*** | D10: 0.0049289

Sheet pretrends
A1: cod_ejercicio | B1: treated | C1: PTF no tratadas | D1: PTF tratadas | F1: ln_va_control | G1: ln_va_tratadas | H1: ln_emp_control | I1: ln_emp_tratadas
A2: 2014 | B2: 0 | C2: 1.035718 | D2: 1.035376 | F2: 4.865387 | G2: 5.13974 | H2: 1.482622 | I2: 1.690758
A3: 2015 | B3: 0 | C3: 1.072403 | D3: 1.074396 | F3: 4.941317 | G3: 5.232226 | H3: 1.535407 | I3: 1.759453
A4: 2016 | B4: 0 | C4: 1.099234 | D4: 1.099223 | F4: 5.040485 | G4: 5.338652 | H4: 1.596383 | I4: 1.827516
A5: 2017 | B5: 0 | C5: 1.118102 | D5: 1.121063 | F5: 5.113092 | G5: 5.422779 | H5: 1.647235 | I5: 1.880209
A6: 2018 | B6: 0 | C6: 1.133882 | D6: 1.131083 | F6: 5.191281 | G6: 5.512008 | H6: 1.683312 | I6: 1.936452
A7: 2019 | B7: 0 | C7: 1.131204 | D7: 1.138312 | F7: 5.218203 | G7: 5.566683 | H7: 1.702091 | I7: 1.971103
A8: 2020 | B8: 0 | C8: 1.028732 | D8: 1.03493 | F8: 5.041898 | G8: 5.395967 | H8: 1.606597 | I8: 1.888389
A9: 2021 | B9: 0 | C9: 1.158358 | D9: 1.168528 | F9: 5.215847 | G9: 5.607067 | H9: 1.666334 | I9: 1.969388
A10: 2022 | B10: 0 | C10: 1.167668 | D10: 1.181102 | F10: 5.289745 | G10: 5.717187 | H10: 1.708998 | I10: 2.032301
A11: 2023 | B11: 0 | C11: 1.182104 | D11: 1.201888 | F11: 5.354655 | G11: 5.800234 | H11: 1.688994 | I11: 2.043729
A12: 2024 | B12: 0 | C12: 1.194776 | D12: 1.209369 | F12: 5.393483 | G12: 5.82906 | H12: 1.672614 | I12: 2.026173
C16: =+C3-C2 -> 0.036685 | D16: =+D3-D2 -> 0.03902
C17: =+C4-C3 -> 0.026831 | D17: =+D4-D3 -> 0.024827
C18: =+C5-C4 -> 0.018868 | D18: =+D5-D4 -> 0.02184
C19: =+C6-C5 -> 0.01578 | D19: =+D6-D5 -> 0.01002
C20: =+C7-C6 -> -0.002678 | D20: =+D7-D6 -> 0.007229
C21: =+C8-C7 -> -0.102472 | D21: =+D8-D7 -> -0.103382
C22: =+C9-C8 -> 0.129626 | D22: =+D9-D8 -> 0.133598
C23: =+C10-C9 -> 0.00931 | D23: =+D10-D9 -> 0.012574
C24: =+C11-C10 -> 0.014436 | D24: =+D11-D10 -> 0.020786
C25: =+C12-C11 -> 0.012672 | D25: =+D12-D11 -> 0.007481

Sheet event_study
A1: Variable | B1: Coeficiente | C1: Error estándar | D1: t | E1: p-valor | F1: BANDAS GRAFICO
A2: -8 | B2: -0.0062113 | C2: 0.0044531 | D2: -1.39 | E2: 0.163 | F2: -0.0149394 | G2: 0.0025169
A3: -7 | B3: -0.0084387 | C3: 0.0042175 | D3: -2 | E3: 0.045 | F3: -0.016705 | G3: -0.0001725
A4: -6 | B4: -0.0053611 | C4: 0.0042655 | D4: -1.26 | E4: 0.209 | F4: -0.0137216 | G4: 0.0029994
A5: -5 | B5: -0.0088916 | C5: 0.0041038 | D5: -2.17 | E5: 0.03 | F5: -0.0169351 | G5: -0.0008482
A6: -4 | B6: -0.0020884 | C6: 0.004181 | D6: -0.5 | E6: 0.617 | F6: -0.0102831 | G6: 0.0061063
A7: -3 | B7: -0.0012447 | C7: 0.0054668 | D7: -0.23 | E7: 0.82 | F7: -0.0119597 | G7: 0.0094703
A8: -2 | B8: 0.0044362 | C8: 0.0043487 | D8: 1.02 | E8: 0.308 | F8: -0.0040872 | G8: 0.0129596
A9: 0 | B9: 0.0182759 | C9: 0.0043631 | D9: 4.19 | E9: 0 | F9: 0.0171035 | G9: 0.0097241
A10: 1 | B10: 0.0182098 | C10: 0.0051692 | D10: 3.52 | E10: 0 | F10: 0.0202633 | G10: 0.0080782
A11: _cons | B11: 1.123511 | C11: 0.0017154 | D11: 654.97
K20: FUENTES: Central de Balances Integrada (CBI) y datos administrativos del Kit Digital (red.es)

Sheet event_study (%)
A1: Variable | B1: Coeficiente | C1: Error estándar | D1: t | E1: p-valor | F1: BANDAS GRAFICO
A2: -8 | B2: =+event_study!B2*100 -> -0.62113 | C2: =+event_study!C2*100 -> 0.44531 | D2: -1.39 | E2: 0.163 | F2: =+event_study!F2*100 -> -1.49394 | G2: =+event_study!G2*100 -> 0.25169
A3: -7 | B3: =+event_study!B3*100 -> -0.84387 | C3: =+event_study!C3*100 -> 0.42175 | D3: -2 | E3: 0.045 | F3: =+event_study!F3*100 -> -1.6705 | G3: =+event_study!G3*100 -> -0.01725
A4: -6 | B4: =+event_study!B4*100 -> -0.53611 | C4: =+event_study!C4*100 -> 0.42655 | D4: -1.26 | E4: 0.209 | F4: =+event_study!F4*100 -> -1.37216 | G4: =+event_study!G4*100 -> 0.29994
A5: -5 | B5: =+event_study!B5*100 -> -0.88916 | C5: =+event_study!C5*100 -> 0.41038 | D5: -2.17 | E5: 0.03 | F5: =+event_study!F5*100 -> -1.69351 | G5: =+event_study!G5*100 -> -0.08482
A6: -4 | B6: =+event_study!B6*100 -> -0.20884 | C6: =+event_study!C6*100 -> 0.4181 | D6: -0.5 | E6: 0.617 | F6: =+event_study!F6*100 -> -1.02831 | G6: =+event_study!G6*100 -> 0.61063
A7: -3 | B7: =+event_study!B7*100 -> -0.12447 | C7: =+event_study!C7*100 -> 0.54668 | D7: -0.23 | E7: 0.82 | F7: =+event_study!F7*100 -> -1.19597 | G7: =+event_study!G7*100 -> 0.94703
A8: -2 | B8: =+event_study!B8*100 -> 0.44362 | C8: =+event_study!C8*100 -> 0.43487 | D8: 1.02 | E8: 0.308 | F8: =+event_study!F8*100 -> -0.40872 | G8: =+event_study!G8*100 -> 1.29596
A9: 0 | B9: =+event_study!B9*100 -> 1.82759 | C9: =+event_study!C9*100 -> 0.43631 | D9: 4.19 | E9: 0 | F9: =+event_study!F9*100 -> 1.71035 | G9: =+event_study!G9*100 -> 0.97241
A10: 1 | B10: =+event_study!B10*100 -> 1.82098 | C10: =+event_study!C10*100 -> 0.51692 | D10: 3.52 | E10: 0 | F10: =+event_study!F10*100 -> 2.02633 | G10: =+event_study!G10*100 -> 0.80782
A11: _cons | B11: 1.123511 | C11: 0.0017154 | D11: 654.97
K20: FUENTES: Central de Balances Integrada (CBI) y datos administrativos del Kit Digital (red.es)

Sheet results_CS
A1: Variable | B1: Coeficiente | C1: Error estándar | D1: z | E1: p-valor | F1: BANDAS GRAFICO
A2: Pre_avg | B2: 0.0017751 | C2: 0.0009841 | D2: 1.8 | E2: 0.071 | F2: -0.0001537 | G2: 0.003704
A3: Post_avg | B3: 0.0116112 | C3: 0.004156 | D3: 2.79 | E3: 0.005 | F3: 0.0034656 | G3: 0.0197567
A4: -8 | B4: 1.97e-06 | C4: 0.0046116 | D4: 0 | E4: 1 | F4: -0.0090367 | G4: 0.0090406
A5: -7 | B5: -0.0035171 | C5: 0.0042759 | D5: -0.82 | E5: 0.411 | F5: -0.0118977 | G5: 0.0048634
A6: -6 | B6: 0.0008298 | C6: 0.0039329 | D6: 0.21 | E6: 0.833 | F6: -0.0068784 | G6: 0.0085381
A7: -5 | B7: -0.0054897 | C7: 0.0038591 | D7: -1.42 | E7: 0.155 | F7: -0.0130534 | G7: 0.0020741
A8: -4 | B8: 0.0047115 | C8: 0.0038802 | D8: 1.21 | E8: 0.225 | F8: -0.0028936 | G8: 0.0123165
A9: -3 | B9: 0.0036113 | C9: 0.0054066 | D9: 0.67 | E9: 0.504 | F9: -0.0069854 | G9: 0.0142079
A10: -2 | B10: 0.0079715 | C10: 0.0055158 | D10: 1.45 | E10: 0.148 | F10: -0.0028392 | G10: 0.0187822
A11: -1 | B11: 0.0060816 | C11: 0.0044113 | D11: 1.38 | E11: 0.168 | F11: -0.0025643 | G11: 0.0147276
A12: 0 | B12: 0.0111401 | C12: 0.0042825 | D12: 2.6 | E12: 0.009 | F12: 0.0195337 | G12: 0.0027465
A13: 1 | B13: 0.0120823 | C13: 0.005518 | D13: 2.19 | E13: 0.029 | F13: 0.0228974 | G13: 0.0012673
A14: ATT | B14: 0.0115398 | C14: 0.0040642 | D14: 2.84 | E14: 0.005 | F14: 0.003574 | G14: 0.0195055
J23: FUENTES: Central de Balances Integrada (CBI) y datos administrativos del Kit Digital (red.es)

Sheet results_CS (%)
A1: Variable | B1: Coeficiente | C1: Error estándar | D1: z | E1: p-valor | F1: BANDAS GRAFICO
A2: Pre_avg | B2: 0.0017751 | C2: 0.0009841 | D2: 1.8 | E2: 0.071 | F2: -0.0001537 | G2: 0.003704
A3: Post_avg | B3: 0.0116112 | C3: 0.004156 | D3: 2.79 | E3: 0.005 | F3: 0.0034656 | G3: 0.0197567
A4: -8 | B4: =+results_CS!B4*100 -> 0.000197 | C4: =+results_CS!C4*100 -> 0.46116 | D4: 0 | E4: 1 | F4: =+results_CS!F4*100 -> -0.90367 | G4: =+results_CS!G4*100 -> 0.90406
A5: -7 | B5: =+results_CS!B5*100 -> -0.35171 | C5: =+results_CS!C5*100 -> 0.42759 | D5: -0.82 | E5: 0.411 | F5: =+results_CS!F5*100 -> -1.18977 | G5: =+results_CS!G5*100 -> 0.48634
A6: -6 | B6: =+results_CS!B6*100 -> 0.08298 | C6: =+results_CS!C6*100 -> 0.39329 | D6: 0.21 | E6: 0.833 | F6: =+results_CS!F6*100 -> -0.68784 | G6: =+results_CS!G6*100 -> 0.85381
A7: -5 | B7: =+results_CS!B7*100 -> -0.54897 | C7: =+results_CS!C7*100 -> 0.38591 | D7: -1.42 | E7: 0.155 | F7: =+results_CS!F7*100 -> -1.30534 | G7: =+results_CS!G7*100 -> 0.20741
A8: -4 | B8: =+results_CS!B8*100 -> 0.47115 | C8: =+results_CS!C8*100 -> 0.38802 | D8: 1.21 | E8: 0.225 | F8: =+results_CS!F8*100 -> -0.28936 | G8: =+results_CS!G8*100 -> 1.23165
A9: -3 | B9: =+results_CS!B9*100 -> 0.36113 | C9: =+results_CS!C9*100 -> 0.54066 | D9: 0.67 | E9: 0.504 | F9: =+results_CS!F9*100 -> -0.69854 | G9: =+results_CS!G9*100 -> 1.42079
A10: -2 | B10: =+results_CS!B10*100 -> 0.79715 | C10: =+results_CS!C10*100 -> 0.55158 | D10: 1.45 | E10: 0.148 | F10: =+results_CS!F10*100 -> -0.28392 | G10: =+results_CS!G10*100 -> 1.87822
A11: -1 | B11: =+results_CS!B11*100 -> 0.60816 | C11: =+results_CS!C11*100 -> 0.44113 | D11: 1.38 | E11: 0.168 | F11: =+results_CS!F11*100 -> -0.25643 | G11: =+results_CS!G11*100 -> 1.47276
A12: 0 | B12: =+results_CS!B12*100 -> 1.11401 | C12: =+results_CS!C12*100 -> 0.42825 | D12: 2.6 | E12: 0.009 | F12: =+results_CS!F12*100 -> 1.95337 | G12: =+results_CS!G12*100 -> 0.27465
A13: 1 | B13: =+results_CS!B13*100 -> 1.20823 | C13: =+results_CS!C13*100 -> 0.5518 | D13: 2.19 | E13: 0.029 | F13: =+results_CS!F13*100 -> 2.28974 | G13: =+results_CS!G13*100 -> 0.12673
A14: ATT | B14: 0.0115398 | C14: 0.0040642 | D14: 2.84 | E14: 0.005 | F14: 0.003574 | G14: 0.0195055
J19: FUENTES: Central de Balances Integrada (CBI) y datos administrativos del Kit Digital (red.es)

Sheet results_intangibles
A1: Variable | B1: Coeficiente | C1: Error estándar | D1: z | E1: p-valor | F1: BANDAS GRAFICO
A2: Pre_avg | B2: -0.00782 | C2: 0.04488 | D2: -0.17 | E2: 0.862 | F2: -0.09579 | G2: 0.08015
A3: Post_avg | B3: 1.11181 | C3: 0.0018832 | D3: 5.9 | E3: 0 | F3: 0.74272 | G3: 1.48091
A4: -8 | B4: 0.08348 | C4: 0.0019434 | D4: 0.43 | E4: 0.668 | F4: -0.29743 | G4: 0.46438
A5: -7 | B5: -0.1388 | C5: 0.0018509 | D5: -0.75 | E5: 0.453 | F5: -0.50158 | G5: 0.22397
A6: -6 | B6: 0.00772 | C6: 0.0018507 | D6: 0.04 | E6: 0.967 | F6: -0.35501 | G6: 0.37045
A7: -5 | B7: -0.00332 | C7: 0.0017892 | D7: -0.02 | E7: 0.985 | F7: -0.35399 | G7: 0.34735
A8: -4 | B8: -0.11419 | C8: 0.0017488 | D8: -0.65 | E8: 0.514 | F8: -0.45694 | G8: 0.22856
A9: -3 | B9: 0.03612 | C9: 0.0017058 | D9: 0.21 | E9: 0.832 | F9: -0.29822 | G9: 0.37046
A10: -2 | B10: -0.13309 | C10: 0.0016491 | D10: -0.81 | E10: 0.42 | F10: -0.4563 | G10: 0.19012
A11: -1 | B11: 0.19954 | C11: 0.0016377 | D11: 1.22 | E11: 0.223 | F11: -0.12143 | G11: 0.52051
A12: 0 | B12: 1.45849 | C12: 0.001737 | D12: 8.4 | E12: 0 | F12: 0.6809 | G12: 1.11804
A13: 1 | B13: 0.76513 | C13: 0.0025604 | D13: 2.99 | E13: 0.003 | F13: 1.00366 | G13: 0.2633

Sheet results_intangibles (2)
A1: Variable | B1: Coeficiente | C1: Error estándar | D1: z | E1: p-valor | F1: BANDAS GRAFICO
A2: Pre_avg | B2: 0.0997 | C2: 0.04488 | D2: -0.17 | E2: 0.862 | F2: 0.03409 | G2: 0.16531
A3: Post_avg | B3: 1.68411 | C3: 0.0018832 | D3: 5.9 | E3: 0 | F3: 1.40675 | G3: 1.96147
A4: -8 | B4: 0.12107 | C4: 0.0019434 | D4: 0.43 | E4: 0.668 | F4: -0.19789 | G4: 0.44002
A5: -7 | B5: 0.06888 | C5: 0.0018509 | D5: -0.75 | E5: 0.453 | F5: -0.22679 | G5: 0.36455
A6: -6 | B6: 0.06887 | C6: 0.0018507 | D6: 0.04 | E6: 0.967 | F6: -0.22424 | G6: 0.36197
A7: -5 | B7: 0.11788 | C7: 0.0017892 | D7: -0.02 | E7: 0.985 | F7: -0.15864 | G7: 0.39441
A8: -4 | B8: -0.10748 | C8: 0.0017488 | D8: -0.65 | E8: 0.514 | F8: -0.37824 | G8: 0.16327
A9: -3 | B9: 0.03574 | C9: 0.0017058 | D9: 0.21 | E9: 0.832 | F9: -0.23003 | G9: 0.30152
A10: -2 | B10: 0.12467 | C10: 0.0016491 | D10: -0.81 | E10: 0.42 | F10: -0.11815 | G10: 0.36748
A11: -1 | B11: 0.36799 | C11: 0.0016377 | D11: 1.22 | E11: 0.223 | F11: =+D29-C29 -> 0.58899 | G11: =+C29 -> 0.0242
A12: 0 | B12: 2.04776 | C12: 0.001737 | D12: 8.4 | E12: 0 | F12: =+D30-C30 -> 0.61347 | G12: =+C30 -> 1.63434
A13: 1 | B13: 1.32047 | C13: 0.0025604 | D13: 2.99 | E13: 0.003 | F13: =+D31-C31 -> 0.85781 | G13: =+C31 -> 0.96756
A19: Variable | B19: Coefficient | C19: CI_lower | D19: CI_upper
A20: Pre_avg | B20: 0.08873 | C20: 0.01543 | D20: 0.16202
A21: Post_avg | B21: 1.66877 | C21: 1.34878 | D21: 1.98876
A22: Tm8 | B22: 0.12274 | C22: -0.23125 | D22: 0.47672
A23: Tm7 | B23: 0.0027 | C23: -0.33644 | D23: 0.34183 | J23: FUENTES: Central de Balances Integrada (CBI) y datos administrativos del Kit Digital (red.es)
A24: Tm6 | B24: 0.1693 | C24: -0.16158 | D24: 0.50018
A25: Tm5 | B25: 0.1416 | C25: -0.17565 | D25: 0.45884
A26: Tm4 | B26: -0.05929 | C26: -0.37042 | D26: 0.25184
A27: Tm3 | B27: -0.15756 | C27: -0.46854 | D27: 0.15342
A28: Tm2 | B28: 0.17164 | C28: -0.11945 | D28: 0.46272
A29: Tm1 | B29: 0.31869 | C29: 0.0242 | D29: 0.61319
A30: Tp0 | B30: 1.94108 | C30: 1.63434 | D30: 2.24781
A31: Tp1 | B31: 1.39646 | C31: 0.96756 | D31: 1.82537

Sheet estimadores_2x2
A1: Método | B1: Coeficiente | C1: Error estándar | D1: z | E1: p-valor | F1: IC 95% inf. | G1: IC 95% sup.
A2: dripw | B2: 0.0165019 | C2: 0.0047103 | D2: 3.5 | E2: 0 | F2: 0.0072699 | G2: 0.0257339
A3: drimp | B3: 0.0162563 | C3: 0.005373 | D3: 3.03 | E3: 0.002 | F3: 0.0057254 | G3: 0.0267872
A4: reg | B4: 0.0160683 | C4: 0.0051847 | D4: 3.1 | E4: 0.002 | F4: 0.0059063 | G4: 0.0262302
A5: ipw | B5: 0.0148602 | C5: 0.0046358 | D5: 3.21 | E5: 0.001 | F5: 0.0057742 | G5: 0.0239462
A6: stdipw | B6: 0.015061 | C6: 0.0048977 | D6: 3.08 | E6: 0.002 | F6: 0.0054617 | G6: 0.0246603
A7: sipwra | B7: 0.0162336 | C7: 0.0049289 | D7: 3.29 | E7: 0.001 | F7: 0.0065731 | G7: 0.0258942
